url,label,category
http://metamask-security-verification.cf/confirm-recovery.html,1,scam_infrastructure
https://www.oracle.com/search?q=security,0,legitimate_web
http://coinbase-package-fee-payment-portal.fit/session/7438,1,credential_harvesting
https://www.stripe.com/home,0,legitimate_web
http://chase-security-verification.ga/package-fee-payment.html,1,scam_infrastructure
https://www.craigslist.org/resources/whitepaper?ref=nav_526,0,legitimate_web
http://signin-metamask.domain-89.live/account-suspended,1,brand_impersonation
http://51.209.84.240/steamcommunity-package-fee-payment/index.php?token=705748,1,ip_phishing
https://www.nytimes.com/security/bulletin,0,legitimate_web
http://133.19.59.99/bankofamerica-confirm-recovery/index.php?token=193670,1,ip_phishing
https://www.ibm.com/enterprise/pricing?ref=nav_201,0,legitimate_web
http://paypal-security-verification.click/security-checkpoint.html,1,scam_infrastructure
http://verizon-support-auth-session-portal.click/session/1430,1,credential_harvesting
http://update-citibank.domain-63.loan/unlock-wallet,1,brand_impersonation
http://metamask-security-verification.ga/login.html,1,scam_infrastructure
https://www.chase.com/api/v1/status?ref=nav_303,0,legitimate_web
https://www.youtube.com/community/threads?ref=nav_306,0,legitimate_web
http://binance-login-portal.loan/session/9808,1,credential_harvesting
http://59.114.55.234/usps-redelivery-confirm-recovery/index.php?token=963994,1,ip_phishing
http://95.93.76.56/microsoft365-update-billing/index.php?token=889216,1,ip_phishing
https://www.reddit.com/home?ref=nav_230,0,legitimate_web
https://www.bbc.com/login?ref=nav_547,0,legitimate_web
https://www.netflix.com/support/help-center?ref=nav_113,0,legitimate_web
https://www.github.com/privacy-policy,0,legitimate_web
http://coinbase-security-verification.fit/unlock-wallet.html,1,scam_infrastructure
http://secure-appleid.domain-40.buzz/invoice-document,1,brand_impersonation
https://www.chase.com/enterprise/pricing,0,legitimate_web
https://www.gitlab.com/resources/whitepaper,0,legitimate_web
https://www.disneyplus.com/login?ref=nav_285,0,legitimate_web
http://irs-refund-account-suspended-portal.link/session/2705,1,credential_harvesting
http://fedex-delivery-auth-session-portal.work/session/8921,1,credential_harvesting
https://www.bankofamerica.com/products/category?ref=nav_376,0,legitimate_enterprise
http://meta-business-security-verification.fit/password-reset-confirmation.html,1,scam_infrastructure
https://www.netflix.com/products/category,0,legitimate_web
http://133.16.23.72/instagram-support-confirm-recovery/index.php?token=501620,1,ip_phishing
https://www.reddit.com/user/profile,0,legitimate_web
http://chase-verify-identity-portal.ga/session/8314,1,credential_harvesting
https://www.walmart.com/api/v1/status?ref=nav_147,0,legitimate_web
https://www.craigslist.org/docs/overview,0,legitimate_web
https://www.github.com/blog/2026/cybersecurity-insights?ref=nav_308,0,legitimate_web
https://www.walmart.com/about,0,legitimate_web
http://update-netflix.domain-56.live/login,1,brand_impersonation
https://www.wikipedia.org/support/help-center?ref=nav_84,0,legitimate_web
http://coinbase-password-reset-confirmation-portal.click/session/9501,1,credential_harvesting
https://www.adobe.com/item?id=849204,0,legitimate_web
http://usps-redelivery-security-verification.site/unlock-wallet.html,1,scam_infrastructure
http://citibank-auth-session-portal.live/session/6238,1,credential_harvesting
http://steamcommunity-verify-identity-portal.fit/session/1461,1,credential_harvesting
http://29.201.182.82/instagram-support-package-fee-payment/index.php?token=650916,1,ip_phishing
https://www.zoom.us/support/help-center,0,legitimate_web
http://citibank-security-verification.ga/auth-session.html,1,scam_infrastructure
http://account-paypal.domain-24.ga/auth-session,1,brand_impersonation
http://metamask-security-verification.tk/package-fee-payment.html,1,scam_infrastructure
http://verify-att-account.domain-19.loan/package-fee-payment,1,brand_impersonation
https://www.atlassian.com/login,0,legitimate_web
http://secure-netflix.domain-64.cf/unlock-wallet,1,brand_impersonation
https://www.amazon.com/search?q=security?ref=nav_274,0,legitimate_web
http://bankofamerica-login-portal.online/session/9176,1,credential_harvesting
https://www.gitlab.com/user/profile,0,legitimate_web
https://www.youtube.com/about,0,legitimate_web
http://wellsfargo-security-verification.online/account-suspended.html,1,scam_infrastructure
http://104.101.58.229/dropbox-share-claim-refund/index.php?token=909652,1,ip_phishing
https://www.microsoft.com/support/help-center,0,legitimate_web
https://www.ibm.com/,0,legitimate_web
https://www.wikipedia.org/privacy-policy?ref=nav_31,0,legitimate_web
http://verify-huntington.domain-16.click/claim-refund,1,brand_impersonation
https://www.target.com/support/help-center?ref=nav_189,0,legitimate_web
https://www.medium.com/home,0,legitimate_web
https://www.shopify.com/search?q=security?ref=nav_337,0,legitimate_web
http://56.204.65.143/appleid-verify-identity/index.php?token=173863,1,ip_phishing
http://151.131.29.147/netflix-unlock-wallet/index.php?token=219754,1,ip_phishing
https://www.uber.com/login?ref=nav_517,0,legitimate_web
http://31.96.246.104/metamask-security-checkpoint/index.php?token=581294,1,ip_phishing
http://spotify-premium-security-verification.fit/confirm-recovery.html,1,scam_infrastructure
http://login-wellsfargo.domain-15.loan/password-reset-confirmation,1,brand_impersonation
https://www.bbc.com/home?ref=nav_540,0,legitimate_web
https://www.wikipedia.org/?ref=nav_71,0,legitimate_web
https://www.disneyplus.com/api/v1/status,0,legitimate_web
http://paypal-security-verification.click/update-billing.html,1,scam_infrastructure
http://signin-bankofamerica.domain-29.ml/package-fee-payment,1,brand_impersonation
https://www.chase.com/about,0,legitimate_web
https://www.spotify.com/about,0,legitimate_web
https://www.paypal.com?ref=nav_218,0,legitimate_enterprise
https://www.facebook.com/terms,0,legitimate_web
http://verify-google-verify.domain-25.click/package-fee-payment,1,brand_impersonation
https://www.instagram.com/support/help-center?ref=nav_443,0,legitimate_web
http://att-account-invoice-document-portal.buzz/session/3329,1,credential_harvesting
https://www.wellsfargo.com/docs/overview?ref=nav_411,0,legitimate_web
https://www.bankofamerica.com/security/bulletin,0,legitimate_enterprise
https://www.digitalocean.com/login?ref=nav_2,0,legitimate_web
http://verizon-support-password-reset-confirmation-portal.online/session/9204,1,credential_harvesting
http://fedex-delivery-unlock-wallet-portal.fit/session/2978,1,credential_harvesting
https://www.youtube.com/home,0,legitimate_web
https://www.wikipedia.org/features/analytics,0,legitimate_web
https://www.imdb.com/item?id=849204?ref=nav_229,0,legitimate_web
https://www.oracle.com/contact?ref=nav_50,0,legitimate_web
http://service-microsoft365.domain-89.fit/unlock-wallet,1,brand_impersonation
http://steamcommunity-security-verification.click/verify-identity.html,1,scam_infrastructure
https://www.chase.com/about,0,legitimate_web
https://www.craigslist.org/api/v1/status,0,legitimate_web
http://appleid-security-verification.fit/confirm-recovery.html,1,scam_infrastructure
http://113.129.11.12/att-account-auth-session/index.php?token=140804,1,ip_phishing
https://www.cloudflare.com/terms,0,legitimate_web
http://update-coinbase.domain-72.loan/security-checkpoint,1,brand_impersonation
https://www.target.com/features/analytics,0,legitimate_web
https://www.pinterest.com/features/analytics,0,legitimate_web
https://www.hulu.com/security/bulletin?ref=nav_334,0,legitimate_web
http://34.102.94.129/wellsfargo-unlock-wallet/index.php?token=111106,1,ip_phishing
https://www.amazon.com/solutions/cloud?ref=nav_385,0,legitimate_web
http://google-verify-invoice-document-portal.work/session/7176,1,credential_harvesting
https://www.salesforce.com/user/profile,0,legitimate_web
http://140.58.141.165/microsoft365-account-suspended/index.php?token=497030,1,ip_phishing
http://123.120.68.58/netflix-unlock-wallet/index.php?token=977740,1,ip_phishing
https://www.etsy.com/user/profile?ref=nav_310,0,legitimate_web
http://steamcommunity-update-billing-portal.loan/session/6411,1,credential_harvesting
http://meta-business-security-verification.live/auth-session.html,1,scam_infrastructure
http://198.227.161.20/wellsfargo-claim-refund/index.php?token=862760,1,ip_phishing
https://www.oracle.com/home,0,legitimate_web
https://www.spotify.com/user/profile?ref=nav_331,0,legitimate_web
http://att-account-security-verification.site/claim-refund.html,1,scam_infrastructure
http://update-instagram-support.domain-81.online/auth-session,1,brand_impersonation
https://www.shopify.com/resources/whitepaper,0,legitimate_web
http://pnc-bank-invoice-document-portal.work/session/9888,1,credential_harvesting
https://www.bbc.com/contact,0,legitimate_web
https://www.nytimes.com,0,legitimate_web
https://www.reddit.com/login,0,legitimate_web
http://amazon-update-billing-portal.ga/session/6657,1,credential_harvesting
https://www.walmart.com/products/category?ref=nav_396,0,legitimate_web
https://www.walmart.com?ref=nav_86,0,legitimate_web
http://130.26.206.252/google-verify-account-suspended/index.php?token=857505,1,ip_phishing
https://www.twitter.com/terms,0,legitimate_web
https://www.digitalocean.com/,0,legitimate_web
http://pnc-bank-security-verification.fit/invoice-document.html,1,scam_infrastructure
http://chase-security-verification.live/verify-identity.html,1,scam_infrastructure
http://service-dhl-tracking.domain-54.click/login,1,brand_impersonation
https://www.wellsfargo.com/docs/overview,0,legitimate_web
https://www.wellsfargo.com/community/threads?ref=nav_185,0,legitimate_web
https://www.yahoo.com/search?q=security?ref=nav_217,0,legitimate_web
https://www.oracle.com/enterprise/pricing?ref=nav_524,0,legitimate_web
https://www.wordpress.org/features/analytics?ref=nav_63,0,legitimate_web
http://usps-redelivery-confirm-recovery-portal.loan/session/4921,1,credential_harvesting
http://152.240.27.183/appleid-invoice-document/index.php?token=986982,1,ip_phishing
http://account-spotify-premium.domain-91.tk/verify-identity,1,brand_impersonation
http://99.62.188.169/usps-redelivery-login/index.php?token=758775,1,ip_phishing
http://account-huntington.domain-86.link/account-suspended,1,brand_impersonation
https://www.stripe.com/home?ref=nav_59,0,legitimate_web
http://31.12.243.165/spotify-premium-login/index.php?token=908475,1,ip_phishing
http://netflix-account-suspended-portal.live/session/8239,1,credential_harvesting
https://www.wordpress.org/community/threads,0,legitimate_web
http://fedex-delivery-security-verification.xyz/package-fee-payment.html,1,scam_infrastructure
https://www.ibm.com/docs/overview?ref=nav_19,0,legitimate_web
http://wellsfargo-security-verification.click/invoice-document.html,1,scam_infrastructure
http://service-meta-business.domain-80.tk/claim-refund,1,brand_impersonation
http://198.253.221.89/irs-refund-auth-session/index.php?token=518084,1,ip_phishing
http://instagram-support-security-verification.fit/confirm-recovery.html,1,scam_infrastructure
https://www.reddit.com/api/v1/status,0,legitimate_web
https://www.wikipedia.org/about?ref=nav_483,0,legitimate_web
https://www.wordpress.org/?ref=nav_94,0,legitimate_web
https://www.pinterest.com/features/analytics,0,legitimate_web
https://www.wellsfargo.com/products/category,0,legitimate_web
https://www.cloudflare.com/community/threads?ref=nav_401,0,legitimate_web
http://158.201.63.84/usps-redelivery-password-reset-confirmation/index.php?token=494322,1,ip_phishing
http://35.13.101.147/huntington-security-checkpoint/index.php?token=676363,1,ip_phishing
http://google-verify-security-verification.link/login.html,1,scam_infrastructure
http://bankofamerica-unlock-wallet-portal.work/session/4471,1,credential_harvesting
http://bankofamerica-package-fee-payment-portal.online/session/4972,1,credential_harvesting
http://dhl-tracking-security-verification.ml/auth-session.html,1,scam_infrastructure
https://www.wikipedia.org/?ref=nav_18,0,legitimate_web
https://www.stackoverflow.com/enterprise/pricing,0,legitimate_web
https://www.slack.com/features/analytics,0,legitimate_web
http://80.212.20.147/microsoft365-confirm-recovery/index.php?token=490917,1,ip_phishing
http://irs-refund-security-verification.ml/invoice-document.html,1,scam_infrastructure
https://www.instagram.com/terms,0,legitimate_web
https://www.cnn.com/user/profile?ref=nav_151,0,legitimate_web
https://www.yahoo.com/api/v1/status,0,legitimate_web
http://service-netflix.domain-76.fit/unlock-wallet,1,brand_impersonation
https://www.adobe.com/contact?ref=nav_125,0,legitimate_web
https://www.spotify.com/security/bulletin,0,legitimate_web
http://service-pnc-bank.domain-23.fit/verify-identity,1,brand_impersonation
https://www.disneyplus.com/api/v1/status?ref=nav_527,0,legitimate_web
http://bankofamerica-security-verification.work/confirm-recovery.html,1,scam_infrastructure
https://www.ebay.com/products/category,0,legitimate_web
http://google-verify-security-verification.online/login.html,1,scam_infrastructure
https://www.bitbucket.org/search?q=security?ref=nav_49,0,legitimate_web
https://www.google.com/user/profile,0,legitimate_web
https://www.spotify.com/resources/whitepaper?ref=nav_27,0,legitimate_web
https://www.instagram.com/resources/whitepaper,0,legitimate_web
http://121.35.226.68/dropbox-share-login/index.php?token=862847,1,ip_phishing
http://bankofamerica-security-verification.top/login.html,1,scam_infrastructure
http://spotify-premium-security-verification.site/security-checkpoint.html,1,scam_infrastructure
https://www.facebook.com/solutions/cloud,0,legitimate_web
http://pnc-bank-security-verification.ml/unlock-wallet.html,1,scam_infrastructure
https://www.bankofamerica.com/terms?ref=nav_245,0,legitimate_enterprise
http://fedex-delivery-security-verification.fit/unlock-wallet.html,1,scam_infrastructure
https://www.slack.com/resources/whitepaper,0,legitimate_web
https://www.yahoo.com/api/v1/status?ref=nav_336,0,legitimate_web
http://163.13.170.28/att-account-claim-refund/index.php?token=785315,1,ip_phishing
https://www.zoom.us,0,legitimate_web
https://www.cnn.com/search?q=security,0,legitimate_web
https://www.disneyplus.com/contact,0,legitimate_web
https://www.wikipedia.org/security/bulletin,0,legitimate_web
https://www.digitalocean.com/community/threads,0,legitimate_web
https://www.nytimes.com/api/v1/status?ref=nav_341,0,legitimate_web
http://chase-update-billing-portal.site/session/6933,1,credential_harvesting
https://www.twitter.com/about,0,legitimate_web
http://bankofamerica-security-verification.top/login.html,1,scam_infrastructure
http://irs-refund-security-verification.link/security-checkpoint.html,1,scam_infrastructure
https://www.spotify.com/contact,0,legitimate_web
https://www.linkedin.com/item?id=849204?ref=nav_317,0,legitimate_web
https://www.wikipedia.org/solutions/cloud,0,legitimate_web
http://update-dropbox-share.domain-30.loan/claim-refund,1,brand_impersonation
http://205.228.12.3/dhl-tracking-password-reset-confirmation/index.php?token=993385,1,ip_phishing
https://www.wellsfargo.com/support/help-center,0,legitimate_web
http://188.150.40.145/instagram-support-unlock-wallet/index.php?token=694397,1,ip_phishing
http://account-citibank.domain-20.online/login,1,brand_impersonation
http://auth-steamcommunity.domain-57.xyz/unlock-wallet,1,brand_impersonation
http://amazon-security-verification.work/update-billing.html,1,scam_infrastructure
http://instagram-support-unlock-wallet-portal.top/session/8220,1,credential_harvesting
https://www.youtube.com/docs/overview?ref=nav_228,0,legitimate_web
http://180.134.57.106/microsoft365-security-checkpoint/index.php?token=415098,1,ip_phishing
http://att-account-unlock-wallet-portal.site/session/1273,1,credential_harvesting
https://www.microsoft.com/search?q=security?ref=nav_451,0,legitimate_web
http://217.241.233.46/paypal-claim-refund/index.php?token=212214,1,ip_phishing
https://www.oracle.com/terms?ref=nav_253,0,legitimate_web
http://instagram-support-auth-session-portal.cf/session/7813,1,credential_harvesting
https://www.airbnb.com,0,legitimate_web
http://pnc-bank-auth-session-portal.click/session/6277,1,credential_harvesting
https://www.imdb.com/community/threads?ref=nav_163,0,legitimate_web
https://www.wikipedia.org/user/profile,0,legitimate_web
http://auth-netflix.domain-73.buzz/package-fee-payment,1,brand_impersonation
https://www.paypal.com/item?id=849204,0,legitimate_enterprise
https://www.atlassian.com/search?q=security,0,legitimate_web
https://www.yahoo.com/community/threads?ref=nav_138,0,legitimate_web
http://pnc-bank-security-verification.site/auth-session.html,1,scam_infrastructure
https://www.pinterest.com/contact?ref=nav_209,0,legitimate_web
https://www.stackoverflow.com/blog/2026/cybersecurity-insights?ref=nav_75,0,legitimate_web
https://www.airbnb.com/security/bulletin,0,legitimate_web
http://spotify-premium-security-verification.xyz/verify-identity.html,1,scam_infrastructure
http://217.35.36.106/steamcommunity-account-suspended/index.php?token=731792,1,ip_phishing
https://www.linkedin.com/item?id=849204,0,legitimate_web
https://www.dropbox.com/docs/overview?ref=nav_338,0,legitimate_web
http://coinbase-verify-identity-portal.click/session/2916,1,credential_harvesting
https://www.airbnb.com/login?ref=nav_419,0,legitimate_web
http://meta-business-account-suspended-portal.buzz/session/5566,1,credential_harvesting
http://auth-metamask.domain-77.ml/invoice-document,1,brand_impersonation
https://www.youtube.com/home?ref=nav_212,0,legitimate_web
https://www.cloudflare.com/resources/whitepaper,0,legitimate_web
http://verizon-support-security-verification.cf/account-suspended.html,1,scam_infrastructure
http://amazon-password-reset-confirmation-portal.ml/session/5933,1,credential_harvesting
http://portal-att-account.domain-27.online/package-fee-payment,1,brand_impersonation
http://verizon-support-package-fee-payment-portal.ml/session/9423,1,credential_harvesting
https://www.pinterest.com/,0,legitimate_web
http://att-account-account-suspended-portal.tk/session/2739,1,credential_harvesting
https://www.bbc.com/login,0,legitimate_web
https://www.slack.com/products/category?ref=nav_424,0,legitimate_web
http://paypal-security-verification.fit/account-suspended.html,1,scam_infrastructure
https://www.hulu.com/search?q=security?ref=nav_250,0,legitimate_web
https://www.chase.com/products/category?ref=nav_150,0,legitimate_web
http://signin-microsoft365.domain-51.loan/auth-session,1,brand_impersonation
https://www.cnn.com/contact,0,legitimate_web
http://usps-redelivery-invoice-document-portal.cf/session/8501,1,credential_harvesting
https://www.cloudflare.com/login,0,legitimate_web
https://www.youtube.com/enterprise/pricing?ref=nav_68,0,legitimate_web
http://usps-redelivery-claim-refund-portal.site/session/3466,1,credential_harvesting
https://www.bbc.com/login,0,legitimate_web
http://signin-google-verify.domain-52.click/verify-identity,1,brand_impersonation
http://wellsfargo-security-verification.online/password-reset-confirmation.html,1,scam_infrastructure
https://www.wikipedia.org/blog/2026/cybersecurity-insights?ref=nav_354,0,legitimate_web
https://www.cnn.com/solutions/cloud,0,legitimate_web
https://www.reddit.com/user/profile?ref=nav_162,0,legitimate_web
https://www.spotify.com/privacy-policy?ref=nav_426,0,legitimate_web
http://spotify-premium-security-verification.fit/auth-session.html,1,scam_infrastructure
https://www.bitbucket.org/community/threads?ref=nav_389,0,legitimate_web
https://www.walmart.com/security/bulletin?ref=nav_54,0,legitimate_web
https://www.wellsfargo.com/?ref=nav_78,0,legitimate_web
https://www.spotify.com/docs/overview?ref=nav_480,0,legitimate_web
http://signin-dhl-tracking.domain-22.online/account-suspended,1,brand_impersonation
https://www.facebook.com/api/v1/status,0,legitimate_web
http://coinbase-claim-refund-portal.buzz/session/4798,1,credential_harvesting
https://www.craigslist.org/resources/whitepaper,0,legitimate_web
https://www.cnn.com/privacy-policy?ref=nav_343,0,legitimate_web
https://www.salesforce.com/solutions/cloud?ref=nav_549,0,legitimate_web
http://login-bankofamerica.domain-46.site/package-fee-payment,1,brand_impersonation
https://www.salesforce.com/blog/2026/cybersecurity-insights,0,legitimate_web
http://paypal-auth-session-portal.live/session/1570,1,credential_harvesting
http://service-steamcommunity.domain-83.xyz/password-reset-confirmation,1,brand_impersonation
https://www.medium.com/login?ref=nav_475,0,legitimate_web
https://www.bankofamerica.com/search?q=security,0,legitimate_enterprise
https://www.yahoo.com/resources/whitepaper?ref=nav_353,0,legitimate_web
http://wellsfargo-password-reset-confirmation-portal.buzz/session/5832,1,credential_harvesting
http://131.14.222.163/spotify-premium-security-checkpoint/index.php?token=711922,1,ip_phishing
http://bankofamerica-security-verification.click/security-checkpoint.html,1,scam_infrastructure
http://huntington-security-verification.link/password-reset-confirmation.html,1,scam_infrastructure
http://login-metamask.domain-10.site/security-checkpoint,1,brand_impersonation
https://www.facebook.com/about?ref=nav_349,0,legitimate_web
https://www.target.com/solutions/cloud?ref=nav_477,0,legitimate_web
http://verify-amazon.domain-97.ml/invoice-document,1,brand_impersonation
http://account-pnc-bank.domain-82.fit/password-reset-confirmation,1,brand_impersonation
https://www.zoom.us/terms,0,legitimate_web
http://steamcommunity-package-fee-payment-portal.live/session/9180,1,credential_harvesting
https://www.stackoverflow.com/contact,0,legitimate_web
http://bankofamerica-auth-session-portal.live/session/8406,1,credential_harvesting
https://www.wellsfargo.com/user/profile,0,legitimate_web
https://www.shopify.com/login,0,legitimate_web
https://www.cloudflare.com/user/profile,0,legitimate_web
https://www.medium.com/enterprise/pricing?ref=nav_129,0,legitimate_web
http://att-account-security-verification.ga/account-suspended.html,1,scam_infrastructure
https://www.apple.com/terms,0,legitimate_web
http://citibank-security-verification.online/security-checkpoint.html,1,scam_infrastructure
https://www.wellsfargo.com/resources/whitepaper?ref=nav_21,0,legitimate_web
https://www.airbnb.com/about,0,legitimate_web
http://portal-amazon.domain-63.cf/login,1,brand_impersonation
https://www.stackoverflow.com/enterprise/pricing,0,legitimate_web
https://www.wikipedia.org/about?ref=nav_400,0,legitimate_web
http://89.114.93.195/metamask-verify-identity/index.php?token=382870,1,ip_phishing
https://www.pinterest.com/about?ref=nav_106,0,legitimate_web
http://fedex-delivery-security-verification.buzz/confirm-recovery.html,1,scam_infrastructure
http://account-fedex-delivery.domain-25.site/verify-identity,1,brand_impersonation
http://microsoft365-security-verification.loan/update-billing.html,1,scam_infrastructure
http://login-meta-business.domain-95.live/login,1,brand_impersonation
http://account-meta-business.domain-31.work/invoice-document,1,brand_impersonation
http://instagram-support-security-verification.click/invoice-document.html,1,scam_infrastructure
https://www.disneyplus.com/?ref=nav_444,0,legitimate_web
https://www.imdb.com/about?ref=nav_197,0,legitimate_web
https://www.digitalocean.com/community/threads,0,legitimate_web
https://www.ebay.com/solutions/cloud,0,legitimate_web
http://verizon-support-security-verification.work/unlock-wallet.html,1,scam_infrastructure
https://www.bbc.com/api/v1/status?ref=nav_195,0,legitimate_web
http://27.80.182.130/appleid-claim-refund/index.php?token=522979,1,ip_phishing
http://auth-coinbase.domain-49.site/login,1,brand_impersonation
http://chase-security-verification.live/security-checkpoint.html,1,scam_infrastructure
https://www.wordpress.org/item?id=849204,0,legitimate_web
https://www.apple.com/enterprise/pricing?ref=nav_278,0,legitimate_web
http://amazon-login-portal.click/session/8478,1,credential_harvesting
http://login-paypal.domain-52.ga/security-checkpoint,1,brand_impersonation
https://www.github.com/user/profile,0,legitimate_web
http://dhl-tracking-security-verification.buzz/password-reset-confirmation.html,1,scam_infrastructure
http://verify-meta-business.domain-98.click/login,1,brand_impersonation
https://www.slack.com/user/profile?ref=nav_41,0,legitimate_web
https://www.wordpress.org/security/bulletin,0,legitimate_web
http://12.116.71.54/citibank-auth-session/index.php?token=898169,1,ip_phishing
http://paypal-security-verification.ga/password-reset-confirmation.html,1,scam_infrastructure
https://www.digitalocean.com/blog/2026/cybersecurity-insights,0,legitimate_web
http://77.168.93.178/binance-package-fee-payment/index.php?token=347781,1,ip_phishing
http://53.158.36.201/pnc-bank-package-fee-payment/index.php?token=316656,1,ip_phishing
http://spotify-premium-auth-session-portal.site/session/2260,1,credential_harvesting
https://www.facebook.com/terms?ref=nav_175,0,legitimate_web
http://193.189.240.142/pnc-bank-claim-refund/index.php?token=763311,1,ip_phishing
https://www.bitbucket.org/user/profile,0,legitimate_web
http://auth-att-account.domain-55.ga/update-billing,1,brand_impersonation
http://20.102.228.226/steamcommunity-auth-session/index.php?token=447596,1,ip_phishing
https://www.oracle.com/search?q=security?ref=nav_46,0,legitimate_web
http://wellsfargo-login-portal.buzz/session/8133,1,credential_harvesting
http://chase-security-verification.xyz/password-reset-confirmation.html,1,scam_infrastructure
http://huntington-invoice-document-portal.work/session/6857,1,credential_harvesting
http://fedex-delivery-verify-identity-portal.site/session/5831,1,credential_harvesting
http://usps-redelivery-invoice-document-portal.tk/session/4892,1,credential_harvesting
https://www.reddit.com/item?id=849204,0,legitimate_web
https://www.uber.com/security/bulletin?ref=nav_52,0,legitimate_web
http://200.38.5.67/coinbase-confirm-recovery/index.php?token=680189,1,ip_phishing
https://www.oracle.com/api/v1/status,0,legitimate_web
https://www.airbnb.com/resources/whitepaper?ref=nav_428,0,legitimate_web
https://www.uber.com/contact?ref=nav_25,0,legitimate_web
http://appleid-security-verification.buzz/claim-refund.html,1,scam_infrastructure
http://dropbox-share-account-suspended-portal.ml/session/9609,1,credential_harvesting
http://update-bankofamerica.domain-27.fit/account-suspended,1,brand_impersonation
http://36.64.169.62/att-account-package-fee-payment/index.php?token=379473,1,ip_phishing
https://www.airbnb.com/products/category,0,legitimate_web
https://www.google.com/community/threads?ref=nav_318,0,legitimate_web
http://huntington-security-verification.top/security-checkpoint.html,1,scam_infrastructure
http://usps-redelivery-account-suspended-portal.xyz/session/9700,1,credential_harvesting
http://auth-wellsfargo.domain-67.work/verify-identity,1,brand_impersonation
http://dhl-tracking-security-verification.cf/invoice-document.html,1,scam_infrastructure
https://www.apple.com/community/threads?ref=nav_462,0,legitimate_web
https://www.gitlab.com/contact,0,legitimate_web
https://www.linkedin.com/products/category?ref=nav_56,0,legitimate_web
https://www.bbc.com/community/threads?ref=nav_545,0,legitimate_web
https://www.target.com/privacy-policy?ref=nav_432,0,legitimate_web
http://appleid-confirm-recovery-portal.ml/session/4836,1,credential_harvesting
https://www.microsoft.com/terms?ref=nav_35,0,legitimate_web
http://verizon-support-account-suspended-portal.tk/session/2988,1,credential_harvesting
http://157.156.122.10/dhl-tracking-security-checkpoint/index.php?token=280564,1,ip_phishing
http://21.81.239.80/amazon-login/index.php?token=640418,1,ip_phishing
https://www.google.com/enterprise/pricing,0,legitimate_web
http://paypal-claim-refund-portal.link/session/7666,1,credential_harvesting
http://google-verify-security-verification.site/invoice-document.html,1,scam_infrastructure
https://www.spotify.com/support/help-center?ref=nav_491,0,legitimate_web
http://140.116.196.141/dropbox-share-security-checkpoint/index.php?token=393308,1,ip_phishing
http://usps-redelivery-login-portal.ga/session/3768,1,credential_harvesting
http://147.126.182.145/spotify-premium-account-suspended/index.php?token=414353,1,ip_phishing
https://www.instagram.com/contact,0,legitimate_web
http://auth-instagram-support.domain-81.click/auth-session,1,brand_impersonation
http://22.76.230.167/meta-business-claim-refund/index.php?token=301863,1,ip_phishing
http://194.48.4.189/netflix-password-reset-confirmation/index.php?token=453487,1,ip_phishing
http://service-spotify-premium.domain-90.work/unlock-wallet,1,brand_impersonation
https://www.imdb.com/search?q=security?ref=nav_216,0,legitimate_web
https://www.apple.com/resources/whitepaper,0,legitimate_web
https://www.walmart.com/terms?ref=nav_503,0,legitimate_web
https://www.wikipedia.org/terms,0,legitimate_web
http://pnc-bank-claim-refund-portal.online/session/4657,1,credential_harvesting
https://www.stripe.com/security/bulletin?ref=nav_496,0,legitimate_web
http://bankofamerica-confirm-recovery-portal.ml/session/9259,1,credential_harvesting
https://www.stripe.com/solutions/cloud,0,legitimate_web
https://www.amazon.com/docs/overview,0,legitimate_web
https://www.github.com/search?q=security,0,legitimate_web
https://www.linkedin.com/home?ref=nav_127,0,legitimate_web
https://www.youtube.com/enterprise/pricing,0,legitimate_web
http://huntington-security-verification.online/security-checkpoint.html,1,scam_infrastructure
https://www.salesforce.com/home,0,legitimate_web
http://google-verify-security-verification.xyz/auth-session.html,1,scam_infrastructure
https://www.amazon.com/?ref=nav_96,0,legitimate_web
http://30.163.204.226/citibank-confirm-recovery/index.php?token=906233,1,ip_phishing
https://www.bitbucket.org/?ref=nav_470,0,legitimate_web
https://www.walmart.com/home?ref=nav_3,0,legitimate_web
http://pnc-bank-auth-session-portal.loan/session/1025,1,credential_harvesting
https://www.instagram.com/features/analytics,0,legitimate_web
https://www.wikipedia.org/home?ref=nav_463,0,legitimate_web
http://165.184.110.43/huntington-security-checkpoint/index.php?token=823270,1,ip_phishing
http://92.116.70.60/coinbase-confirm-recovery/index.php?token=178315,1,ip_phishing
http://account-google-verify.domain-80.live/update-billing,1,brand_impersonation
https://www.bankofamerica.com/?ref=nav_392,0,legitimate_enterprise
https://www.wellsfargo.com/home?ref=nav_427,0,legitimate_web
http://dropbox-share-security-checkpoint-portal.fit/session/2311,1,credential_harvesting
http://144.124.90.122/binance-account-suspended/index.php?token=202365,1,ip_phishing
http://account-att-account.domain-90.buzz/login,1,brand_impersonation
https://www.ebay.com/privacy-policy,0,legitimate_web
http://google-verify-invoice-document-portal.top/session/5668,1,credential_harvesting
http://att-account-security-verification.xyz/account-suspended.html,1,scam_infrastructure
https://www.etsy.com/features/analytics?ref=nav_452,0,legitimate_web
https://www.hulu.com/about?ref=nav_521,0,legitimate_web
http://login-att-account.domain-42.top/claim-refund,1,brand_impersonation
https://www.disneyplus.com/home,0,legitimate_web
https://www.airbnb.com/features/analytics,0,legitimate_web
http://citibank-security-verification.work/auth-session.html,1,scam_infrastructure
https://www.atlassian.com/features/analytics,0,legitimate_web
http://dropbox-share-security-verification.work/verify-identity.html,1,scam_infrastructure
http://login-citibank.domain-84.ga/password-reset-confirmation,1,brand_impersonation
http://account-amazon.domain-85.top/unlock-wallet,1,brand_impersonation
https://www.walmart.com/community/threads?ref=nav_155,0,legitimate_web
https://www.linkedin.com,0,legitimate_web
http://update-metamask.domain-57.click/password-reset-confirmation,1,brand_impersonation
http://account-paypal.domain-74.link/invoice-document,1,brand_impersonation
http://108.230.251.102/binance-verify-identity/index.php?token=958130,1,ip_phishing
http://huntington-verify-identity-portal.work/session/9418,1,credential_harvesting
https://www.disneyplus.com/?ref=nav_490,0,legitimate_web
http://instagram-support-login-portal.tk/session/8091,1,credential_harvesting
https://www.linkedin.com/about,0,legitimate_web
https://www.target.com/docs/overview?ref=nav_116,0,legitimate_web
https://www.target.com/?ref=nav_466,0,legitimate_web
https://www.craigslist.org/solutions/cloud?ref=nav_246,0,legitimate_web
https://www.uber.com/enterprise/pricing,0,legitimate_web
http://account-meta-business.domain-66.xyz/package-fee-payment,1,brand_impersonation
http://auth-chase.domain-80.tk/confirm-recovery,1,brand_impersonation
https://www.wellsfargo.com/security/bulletin?ref=nav_454,0,legitimate_web
https://www.google.com/features/analytics,0,legitimate_web
https://www.craigslist.org/user/profile?ref=nav_507,0,legitimate_web
https://www.youtube.com/solutions/cloud,0,legitimate_web
https://www.github.com/features/analytics,0,legitimate_web
http://coinbase-unlock-wallet-portal.ga/session/6882,1,credential_harvesting
https://www.uber.com/solutions/cloud?ref=nav_325,0,legitimate_web
https://www.salesforce.com/item?id=849204,0,legitimate_web
http://account-metamask.domain-97.fit/claim-refund,1,brand_impersonation
https://www.digitalocean.com/,0,legitimate_web
https://www.slack.com/enterprise/pricing?ref=nav_305,0,legitimate_web
https://www.bankofamerica.com/home?ref=nav_302,0,legitimate_enterprise
http://spotify-premium-unlock-wallet-portal.site/session/1793,1,credential_harvesting
https://www.craigslist.org/security/bulletin,0,legitimate_web
https://www.bbc.com/community/threads?ref=nav_357,0,legitimate_web
http://verizon-support-package-fee-payment-portal.online/session/4555,1,credential_harvesting
http://coinbase-security-verification.cf/auth-session.html,1,scam_infrastructure
https://www.oracle.com/user/profile?ref=nav_280,0,legitimate_web
https://www.stackoverflow.com/search?q=security,0,legitimate_web
http://signin-paypal.domain-26.click/verify-identity,1,brand_impersonation
http://signin-bankofamerica.domain-12.site/invoice-document,1,brand_impersonation
https://www.wellsfargo.com/about,0,legitimate_web
https://www.bitbucket.org/enterprise/pricing,0,legitimate_web
http://91.46.247.102/irs-refund-password-reset-confirmation/index.php?token=434640,1,ip_phishing
https://www.zoom.us/docs/overview,0,legitimate_web
http://pnc-bank-account-suspended-portal.site/session/9508,1,credential_harvesting
https://www.digitalocean.com/user/profile?ref=nav_440,0,legitimate_web
http://att-account-auth-session-portal.site/session/7135,1,credential_harvesting
http://binance-invoice-document-portal.link/session/1182,1,credential_harvesting
https://www.medium.com/enterprise/pricing,0,legitimate_web
https://www.facebook.com/support/help-center?ref=nav_14,0,legitimate_web
http://portal-chase.domain-11.ml/security-checkpoint,1,brand_impersonation
http://google-verify-verify-identity-portal.loan/session/9377,1,credential_harvesting
http://signin-dhl-tracking.domain-33.cf/package-fee-payment,1,brand_impersonation
https://www.stackoverflow.com/terms,0,legitimate_web
https://www.atlassian.com/privacy-policy?ref=nav_64,0,legitimate_web
https://www.ebay.com/products/category?ref=nav_320,0,legitimate_web
https://www.hulu.com/login?ref=nav_226,0,legitimate_web
https://www.wikipedia.org/search?q=security,0,legitimate_web
https://www.zoom.us/resources/whitepaper?ref=nav_377,0,legitimate_web
https://www.target.com/user/profile?ref=nav_126,0,legitimate_web
https://www.instagram.com/about,0,legitimate_web
http://account-steamcommunity.domain-55.buzz/invoice-document,1,brand_impersonation
http://coinbase-security-verification.buzz/login.html,1,scam_infrastructure
http://161.26.87.78/chase-account-suspended/index.php?token=438273,1,ip_phishing
https://www.craigslist.org/terms?ref=nav_476,0,legitimate_web
https://www.microsoft.com/home,0,legitimate_web
http://portal-binance.domain-37.online/update-billing,1,brand_impersonation
https://www.airbnb.com/login,0,legitimate_web
https://www.twitter.com/api/v1/status,0,legitimate_web
http://auth-instagram-support.domain-70.loan/verify-identity,1,brand_impersonation
http://att-account-security-verification.ml/auth-session.html,1,scam_infrastructure
https://www.imdb.com/item?id=849204?ref=nav_42,0,legitimate_web
http://secure-google-verify.domain-19.ml/confirm-recovery,1,brand_impersonation
https://www.gitlab.com/features/analytics,0,legitimate_web
http://wellsfargo-security-verification.work/auth-session.html,1,scam_infrastructure
http://steamcommunity-security-verification.xyz/login.html,1,scam_infrastructure
http://dropbox-share-security-verification.buzz/claim-refund.html,1,scam_infrastructure
http://dhl-tracking-password-reset-confirmation-portal.click/session/9221,1,credential_harvesting
http://netflix-login-portal.tk/session/4678,1,credential_harvesting
http://instagram-support-security-checkpoint-portal.fit/session/6533,1,credential_harvesting
https://www.shopify.com/security/bulletin,0,legitimate_web
https://www.gitlab.com/api/v1/status,0,legitimate_web
http://huntington-security-verification.click/auth-session.html,1,scam_infrastructure
https://www.digitalocean.com/contact?ref=nav_170,0,legitimate_web
http://metamask-account-suspended-portal.work/session/6500,1,credential_harvesting
http://huntington-security-verification.cf/login.html,1,scam_infrastructure
https://www.etsy.com/products/category,0,legitimate_web
http://huntington-package-fee-payment-portal.live/session/9609,1,credential_harvesting
http://secure-paypal.domain-84.ml/claim-refund,1,brand_impersonation
https://www.salesforce.com/search?q=security?ref=nav_23,0,legitimate_web
http://fedex-delivery-security-checkpoint-portal.loan/session/1820,1,credential_harvesting
http://signin-att-account.domain-26.xyz/invoice-document,1,brand_impersonation
http://meta-business-confirm-recovery-portal.online/session/8511,1,credential_harvesting
http://pnc-bank-unlock-wallet-portal.top/session/6692,1,credential_harvesting
https://www.stackoverflow.com/blog/2026/cybersecurity-insights?ref=nav_371,0,legitimate_web
https://www.instagram.com/login?ref=nav_455,0,legitimate_web
https://www.uber.com/community/threads,0,legitimate_web
http://auth-fedex-delivery.domain-78.cf/package-fee-payment,1,brand_impersonation
https://www.paypal.com/support/help-center,0,legitimate_enterprise
https://www.netflix.com/docs/overview?ref=nav_298,0,legitimate_web
https://www.atlassian.com/blog/2026/cybersecurity-insights,0,legitimate_web
http://signin-att-account.domain-96.loan/login,1,brand_impersonation
https://www.hulu.com/login?ref=nav_233,0,legitimate_web
http://att-account-claim-refund-portal.link/session/3846,1,credential_harvesting
http://49.215.212.143/huntington-invoice-document/index.php?token=742686,1,ip_phishing
http://update-steamcommunity.domain-98.online/claim-refund,1,brand_impersonation
https://www.salesforce.com/blog/2026/cybersecurity-insights,0,legitimate_web
https://www.linkedin.com/login,0,legitimate_web
http://amazon-claim-refund-portal.loan/session/5450,1,credential_harvesting
https://www.ibm.com/user/profile,0,legitimate_web
http://bankofamerica-security-verification.loan/claim-refund.html,1,scam_infrastructure
http://service-steamcommunity.domain-97.buzz/claim-refund,1,brand_impersonation
http://att-account-security-verification.click/package-fee-payment.html,1,scam_infrastructure
http://binance-login-portal.cf/session/6711,1,credential_harvesting
http://google-verify-security-verification.site/invoice-document.html,1,scam_infrastructure
http://google-verify-security-verification.site/update-billing.html,1,scam_infrastructure
http://verizon-support-auth-session-portal.tk/session/7401,1,credential_harvesting
http://208.229.116.118/bankofamerica-confirm-recovery/index.php?token=790441,1,ip_phishing
http://metamask-account-suspended-portal.click/session/2867,1,credential_harvesting
https://www.paypal.com/terms,0,legitimate_enterprise
https://www.instagram.com/resources/whitepaper?ref=nav_363,0,legitimate_web
http://verizon-support-security-verification.fit/verify-identity.html,1,scam_infrastructure
http://dropbox-share-security-verification.xyz/invoice-document.html,1,scam_infrastructure
http://wellsfargo-security-verification.online/package-fee-payment.html,1,scam_infrastructure
https://www.google.com/products/category,0,legitimate_web
https://www.oracle.com/blog/2026/cybersecurity-insights?ref=nav_359,0,legitimate_web
https://www.ibm.com/about?ref=nav_124,0,legitimate_web
https://www.spotify.com/?ref=nav_421,0,legitimate_web
https://www.cloudflare.com/login,0,legitimate_web
http://portal-microsoft365.domain-59.cf/login,1,brand_impersonation
http://verify-meta-business.domain-89.click/auth-session,1,brand_impersonation
http://usps-redelivery-security-verification.cf/password-reset-confirmation.html,1,scam_infrastructure
https://www.github.com/contact,0,legitimate_web
https://www.instagram.com/privacy-policy,0,legitimate_web
https://www.walmart.com/item?id=849204,0,legitimate_web
https://www.instagram.com/api/v1/status,0,legitimate_web
http://steamcommunity-security-verification.xyz/password-reset-confirmation.html,1,scam_infrastructure
http://200.63.133.45/citibank-verify-identity/index.php?token=678719,1,ip_phishing
http://login-coinbase.domain-53.top/security-checkpoint,1,brand_impersonation
https://www.wikipedia.org/resources/whitepaper,0,legitimate_web
https://www.paypal.com/features/analytics,0,legitimate_enterprise
https://www.etsy.com/solutions/cloud?ref=nav_167,0,legitimate_web
https://www.craigslist.org/terms?ref=nav_101,0,legitimate_web
http://meta-business-invoice-document-portal.cf/session/1132,1,credential_harvesting
https://www.netflix.com/support/help-center,0,legitimate_web
http://att-account-password-reset-confirmation-portal.click/session/8353,1,credential_harvesting
http://auth-amazon.domain-72.click/claim-refund,1,brand_impersonation
http://110.107.245.202/pnc-bank-invoice-document/index.php?token=818430,1,ip_phishing
https://www.hulu.com/,0,legitimate_web
http://signin-google-verify.domain-44.click/confirm-recovery,1,brand_impersonation
https://www.uber.com/resources/whitepaper,0,legitimate_web
https://www.wikipedia.org/blog/2026/cybersecurity-insights,0,legitimate_web
http://steamcommunity-auth-session-portal.online/session/9962,1,credential_harvesting
https://www.disneyplus.com/support/help-center?ref=nav_511,0,legitimate_web
http://dhl-tracking-security-verification.link/package-fee-payment.html,1,scam_infrastructure
https://www.google.com/login?ref=nav_180,0,legitimate_web
http://dropbox-share-update-billing-portal.site/session/3295,1,credential_harvesting
https://www.youtube.com/home?ref=nav_484,0,legitimate_web
http://179.225.143.47/meta-business-security-checkpoint/index.php?token=408054,1,ip_phishing
https://www.adobe.com/,0,legitimate_web
https://www.wordpress.org/user/profile,0,legitimate_web
http://netflix-security-verification.link/account-suspended.html,1,scam_infrastructure
https://www.ibm.com/products/category?ref=nav_442,0,legitimate_web
http://binance-security-verification.fit/security-checkpoint.html,1,scam_infrastructure
https://www.spotify.com/solutions/cloud?ref=nav_241,0,legitimate_web
https://www.pinterest.com/blog/2026/cybersecurity-insights,0,legitimate_web
http://verify-dropbox-share.domain-98.link/unlock-wallet,1,brand_impersonation
http://154.123.150.147/pnc-bank-verify-identity/index.php?token=799565,1,ip_phishing
http://appleid-verify-identity-portal.fit/session/4112,1,credential_harvesting
https://www.yahoo.com/solutions/cloud?ref=nav_134,0,legitimate_web
http://chase-password-reset-confirmation-portal.site/session/1605,1,credential_harvesting
https://www.linkedin.com/support/help-center,0,legitimate_web
https://www.salesforce.com/search?q=security,0,legitimate_web
http://208.74.181.54/dropbox-share-security-checkpoint/index.php?token=823769,1,ip_phishing
http://191.75.75.147/irs-refund-claim-refund/index.php?token=380329,1,ip_phishing
https://www.adobe.com/support/help-center,0,legitimate_web
https://www.craigslist.org/products/category?ref=nav_381,0,legitimate_web
http://huntington-account-suspended-portal.ml/session/4641,1,credential_harvesting
http://spotify-premium-account-suspended-portal.xyz/session/5609,1,credential_harvesting
https://www.hulu.com,0,legitimate_web
http://service-appleid.domain-35.link/claim-refund,1,brand_impersonation
https://www.bitbucket.org/security/bulletin,0,legitimate_web
http://129.68.219.31/att-account-update-billing/index.php?token=194813,1,ip_phishing
https://www.bankofamerica.com/login?ref=nav_351,0,legitimate_enterprise
http://service-huntington.domain-87.click/security-checkpoint,1,brand_impersonation
http://dropbox-share-security-verification.site/login.html,1,scam_infrastructure
http://account-amazon.domain-46.site/security-checkpoint,1,brand_impersonation
http://secure-instagram-support.domain-23.ml/password-reset-confirmation,1,brand_impersonation
http://dropbox-share-update-billing-portal.loan/session/4178,1,credential_harvesting
https://www.oracle.com/terms?ref=nav_191,0,legitimate_web
https://www.etsy.com/security/bulletin?ref=nav_265,0,legitimate_web
http://verify-irs-refund.domain-92.ga/package-fee-payment,1,brand_impersonation
https://www.apple.com/item?id=849204,0,legitimate_web
https://www.salesforce.com/enterprise/pricing?ref=nav_103,0,legitimate_web
http://metamask-security-verification.xyz/unlock-wallet.html,1,scam_infrastructure
https://www.disneyplus.com/search?q=security?ref=nav_388,0,legitimate_web
https://www.wellsfargo.com/api/v1/status,0,legitimate_web
https://www.imdb.com/login,0,legitimate_web
https://www.bankofamerica.com/enterprise/pricing,0,legitimate_enterprise
http://21.175.227.83/fedex-delivery-update-billing/index.php?token=499898,1,ip_phishing
http://att-account-security-verification.link/account-suspended.html,1,scam_infrastructure
http://155.52.152.140/verizon-support-confirm-recovery/index.php?token=288667,1,ip_phishing
https://www.spotify.com/,0,legitimate_web
https://www.linkedin.com/user/profile,0,legitimate_web
https://www.atlassian.com/item?id=849204,0,legitimate_web
https://www.pinterest.com,0,legitimate_web
http://portal-irs-refund.domain-59.site/package-fee-payment,1,brand_impersonation
https://www.pinterest.com/security/bulletin,0,legitimate_web
https://www.stripe.com/item?id=849204?ref=nav_33,0,legitimate_web
http://service-citibank.domain-56.buzz/invoice-document,1,brand_impersonation
https://www.amazon.com/about,0,legitimate_web
http://102.102.132.13/wellsfargo-verify-identity/index.php?token=810078,1,ip_phishing
https://www.hulu.com/blog/2026/cybersecurity-insights?ref=nav_538,0,legitimate_web
https://www.hulu.com/api/v1/status,0,legitimate_web
https://www.medium.com/?ref=nav_131,0,legitimate_web
http://105.237.205.133/netflix-unlock-wallet/index.php?token=379676,1,ip_phishing
http://citibank-security-verification.online/invoice-document.html,1,scam_infrastructure
http://portal-instagram-support.domain-17.tk/unlock-wallet,1,brand_impersonation
https://www.wordpress.org/resources/whitepaper,0,legitimate_web
http://huntington-security-verification.ml/verify-identity.html,1,scam_infrastructure
http://signin-huntington.domain-21.online/update-billing,1,brand_impersonation
https://www.chase.com/contact,0,legitimate_web
https://www.disneyplus.com/terms?ref=nav_281,0,legitimate_web
http://paypal-security-verification.tk/login.html,1,scam_infrastructure
http://secure-verizon-support.domain-69.top/account-suspended,1,brand_impersonation
http://bankofamerica-security-verification.live/package-fee-payment.html,1,scam_infrastructure
http://portal-wellsfargo.domain-53.buzz/verify-identity,1,brand_impersonation
https://www.paypal.com/login,0,legitimate_enterprise
http://bankofamerica-security-verification.site/unlock-wallet.html,1,scam_infrastructure
https://www.wellsfargo.com/security/bulletin,0,legitimate_web
http://verify-metamask.domain-53.work/security-checkpoint,1,brand_impersonation
https://www.target.com/privacy-policy?ref=nav_6,0,legitimate_web
http://verizon-support-login-portal.ga/session/9720,1,credential_harvesting
https://www.salesforce.com/products/category,0,legitimate_web
http://secure-bankofamerica.domain-53.click/invoice-document,1,brand_impersonation
https://www.amazon.com/home?ref=nav_122,0,legitimate_web
http://36.73.159.18/wellsfargo-invoice-document/index.php?token=302897,1,ip_phishing
http://google-verify-confirm-recovery-portal.buzz/session/7626,1,credential_harvesting
https://www.instagram.com/support/help-center,0,legitimate_web
http://113.14.146.144/att-account-confirm-recovery/index.php?token=304110,1,ip_phishing
https://www.youtube.com/home,0,legitimate_web
http://coinbase-password-reset-confirmation-portal.work/session/8988,1,credential_harvesting
http://spotify-premium-security-verification.cf/update-billing.html,1,scam_infrastructure
http://bankofamerica-login-portal.xyz/session/9800,1,credential_harvesting
https://www.oracle.com/blog/2026/cybersecurity-insights,0,legitimate_web
https://www.bbc.com,0,legitimate_web
https://www.bitbucket.org/security/bulletin?ref=nav_240,0,legitimate_web
https://www.imdb.com/user/profile?ref=nav_204,0,legitimate_web
https://www.cnn.com/contact?ref=nav_510,0,legitimate_web
https://www.gitlab.com/docs/overview,0,legitimate_web
https://www.oracle.com/support/help-center?ref=nav_187,0,legitimate_web
http://106.180.28.12/citibank-security-checkpoint/index.php?token=272129,1,ip_phishing
http://dropbox-share-security-verification.loan/unlock-wallet.html,1,scam_infrastructure
https://www.microsoft.com/blog/2026/cybersecurity-insights?ref=nav_223,0,legitimate_web
https://www.cloudflare.com/home,0,legitimate_web
https://www.stripe.com/resources/whitepaper,0,legitimate_web
http://huntington-security-verification.ml/account-suspended.html,1,scam_infrastructure
https://www.atlassian.com/security/bulletin,0,legitimate_web
http://portal-microsoft365.domain-13.link/unlock-wallet,1,brand_impersonation
https://www.chase.com/products/category,0,legitimate_web
http://secure-metamask.domain-58.ml/password-reset-confirmation,1,brand_impersonation
http://login-appleid.domain-79.fit/confirm-recovery,1,brand_impersonation
https://www.youtube.com/solutions/cloud?ref=nav_408,0,legitimate_web
http://spotify-premium-security-verification.fit/claim-refund.html,1,scam_infrastructure
https://www.uber.com/enterprise/pricing?ref=nav_294,0,legitimate_web
https://www.airbnb.com/blog/2026/cybersecurity-insights,0,legitimate_web
http://verify-verizon-support.domain-64.buzz/claim-refund,1,brand_impersonation
https://www.google.com/contact?ref=nav_9,0,legitimate_web
http://126.143.192.141/google-verify-auth-session/index.php?token=361989,1,ip_phishing
http://metamask-password-reset-confirmation-portal.buzz/session/3627,1,credential_harvesting
http://verify-steamcommunity.domain-38.work/login,1,brand_impersonation
https://www.wordpress.org/support/help-center,0,legitimate_web
http://pnc-bank-security-verification.site/unlock-wallet.html,1,scam_infrastructure
http://verify-binance.domain-17.buzz/password-reset-confirmation,1,brand_impersonation
http://citibank-account-suspended-portal.top/session/9802,1,credential_harvesting
https://www.adobe.com/products/category,0,legitimate_web
http://usps-redelivery-security-verification.xyz/password-reset-confirmation.html,1,scam_infrastructure
https://www.uber.com/resources/whitepaper,0,legitimate_web
https://www.etsy.com/terms,0,legitimate_web
https://www.digitalocean.com/blog/2026/cybersecurity-insights,0,legitimate_web
http://pnc-bank-update-billing-portal.loan/session/1519,1,credential_harvesting
http://login-instagram-support.domain-97.tk/update-billing,1,brand_impersonation
https://www.cloudflare.com/community/threads,0,legitimate_web
http://183.128.36.163/pnc-bank-verify-identity/index.php?token=417543,1,ip_phishing
http://17.98.38.14/dhl-tracking-login/index.php?token=802812,1,ip_phishing
http://fedex-delivery-account-suspended-portal.work/session/4088,1,credential_harvesting
https://www.salesforce.com/user/profile?ref=nav_469,0,legitimate_web
https://www.imdb.com/item?id=849204?ref=nav_347,0,legitimate_web
https://www.nytimes.com/search?q=security,0,legitimate_web
http://verizon-support-claim-refund-portal.xyz/session/2129,1,credential_harvesting
http://secure-instagram-support.domain-90.tk/package-fee-payment,1,brand_impersonation
https://www.dropbox.com/terms?ref=nav_386,0,legitimate_web
https://www.imdb.com/solutions/cloud?ref=nav_453,0,legitimate_web
http://service-fedex-delivery.domain-34.top/account-suspended,1,brand_impersonation
https://www.pinterest.com/terms,0,legitimate_web
http://instagram-support-security-verification.top/auth-session.html,1,scam_infrastructure
http://100.80.248.168/chase-package-fee-payment/index.php?token=832409,1,ip_phishing
http://steamcommunity-security-checkpoint-portal.online/session/3086,1,credential_harvesting
https://www.bankofamerica.com/community/threads?ref=nav_525,0,legitimate_enterprise
https://www.dropbox.com/solutions/cloud,0,legitimate_web
https://www.airbnb.com/about,0,legitimate_web
https://www.spotify.com/security/bulletin?ref=nav_301,0,legitimate_web
http://huntington-update-billing-portal.loan/session/9409,1,credential_harvesting
https://www.microsoft.com/enterprise/pricing?ref=nav_74,0,legitimate_web
http://google-verify-security-checkpoint-portal.loan/session/3390,1,credential_harvesting
http://netflix-security-checkpoint-portal.loan/session/3435,1,credential_harvesting
https://www.reddit.com/products/category,0,legitimate_web
https://www.medium.com/community/threads?ref=nav_416,0,legitimate_web
http://instagram-support-security-verification.top/auth-session.html,1,scam_infrastructure
http://auth-steamcommunity.domain-31.online/unlock-wallet,1,brand_impersonation
https://www.facebook.com,0,legitimate_web
http://binance-account-suspended-portal.live/session/6438,1,credential_harvesting
https://www.facebook.com/docs/overview?ref=nav_413,0,legitimate_web
https://www.digitalocean.com/products/category?ref=nav_465,0,legitimate_web
http://huntington-password-reset-confirmation-portal.site/session/2388,1,credential_harvesting
http://huntington-account-suspended-portal.tk/session/2560,1,credential_harvesting
https://www.uber.com/terms,0,legitimate_web
https://www.zoom.us/enterprise/pricing?ref=nav_283,0,legitimate_web
https://www.adobe.com/api/v1/status?ref=nav_355,0,legitimate_web
http://83.196.238.113/verizon-support-invoice-document/index.php?token=499941,1,ip_phishing
http://coinbase-security-verification.xyz/update-billing.html,1,scam_infrastructure
http://paypal-security-verification.click/account-suspended.html,1,scam_infrastructure
http://30.88.155.197/appleid-verify-identity/index.php?token=743684,1,ip_phishing
https://www.cloudflare.com/docs/overview?ref=nav_291,0,legitimate_web
http://207.73.200.98/huntington-package-fee-payment/index.php?token=627335,1,ip_phishing
https://www.bitbucket.org/features/analytics?ref=nav_92,0,legitimate_web
http://139.151.79.43/binance-auth-session/index.php?token=168458,1,ip_phishing
http://binance-security-verification.click/auth-session.html,1,scam_infrastructure
http://spotify-premium-claim-refund-portal.work/session/3777,1,credential_harvesting
https://www.imdb.com/home?ref=nav_15,0,legitimate_web
http://metamask-password-reset-confirmation-portal.work/session/7364,1,credential_harvesting
https://www.digitalocean.com/features/analytics?ref=nav_205,0,legitimate_web
http://metamask-security-verification.cf/account-suspended.html,1,scam_infrastructure
https://www.walmart.com/about,0,legitimate_web
https://www.linkedin.com/support/help-center,0,legitimate_web
http://verizon-support-security-verification.cf/login.html,1,scam_infrastructure
https://www.uber.com/community/threads?ref=nav_361,0,legitimate_web
https://www.target.com/api/v1/status?ref=nav_409,0,legitimate_web
http://wellsfargo-package-fee-payment-portal.top/session/2731,1,credential_harvesting
http://amazon-security-verification.live/unlock-wallet.html,1,scam_infrastructure
https://www.atlassian.com/docs/overview?ref=nav_161,0,legitimate_web
https://www.uber.com/login,0,legitimate_web
http://paypal-security-checkpoint-portal.xyz/session/9674,1,credential_harvesting
https://www.stackoverflow.com/home,0,legitimate_web
http://dhl-tracking-security-verification.tk/login.html,1,scam_infrastructure
https://www.walmart.com/search?q=security?ref=nav_36,0,legitimate_web
http://update-chase.domain-62.xyz/unlock-wallet,1,brand_impersonation
https://www.oracle.com/terms?ref=nav_173,0,legitimate_web
http://77.168.183.244/google-verify-invoice-document/index.php?token=783112,1,ip_phishing
https://www.yahoo.com/blog/2026/cybersecurity-insights,0,legitimate_web
http://steamcommunity-update-billing-portal.tk/session/5637,1,credential_harvesting
http://update-chase.domain-75.ga/package-fee-payment,1,brand_impersonation
https://www.airbnb.com/home,0,legitimate_web
http://coinbase-invoice-document-portal.top/session/8632,1,credential_harvesting
https://www.airbnb.com/support/help-center,0,legitimate_web
https://www.walmart.com/support/help-center,0,legitimate_web
https://www.atlassian.com/support/help-center,0,legitimate_web
https://www.zoom.us/search?q=security?ref=nav_530,0,legitimate_web
http://portal-netflix.domain-41.cf/auth-session,1,brand_impersonation
https://www.cloudflare.com/blog/2026/cybersecurity-insights,0,legitimate_web
https://www.bbc.com/search?q=security,0,legitimate_web
https://www.bankofamerica.com/home?ref=nav_449,0,legitimate_enterprise
https://www.wellsfargo.com/home?ref=nav_506,0,legitimate_web
http://84.245.183.21/att-account-auth-session/index.php?token=463188,1,ip_phishing
https://www.stackoverflow.com/about?ref=nav_179,0,legitimate_web
http://69.190.131.1/att-account-verify-identity/index.php?token=146177,1,ip_phishing
https://www.craigslist.org/home,0,legitimate_web
http://signin-chase.domain-77.buzz/security-checkpoint,1,brand_impersonation
http://paypal-security-verification.tk/login.html,1,scam_infrastructure
https://www.cloudflare.com/search?q=security?ref=nav_293,0,legitimate_web
https://www.medium.com/docs/overview,0,legitimate_web
http://meta-business-security-verification.top/account-suspended.html,1,scam_infrastructure
http://metamask-security-verification.fit/confirm-recovery.html,1,scam_infrastructure
http://portal-meta-business.domain-26.fit/login,1,brand_impersonation
https://www.bitbucket.org/about,0,legitimate_web
http://auth-appleid.domain-66.top/password-reset-confirmation,1,brand_impersonation
http://chase-security-verification.cf/unlock-wallet.html,1,scam_infrastructure
http://dhl-tracking-security-verification.cf/unlock-wallet.html,1,scam_infrastructure
http://citibank-security-verification.work/claim-refund.html,1,scam_infrastructure
http://105.152.249.127/usps-redelivery-package-fee-payment/index.php?token=910143,1,ip_phishing
https://www.netflix.com/docs/overview,0,legitimate_web
https://www.facebook.com/?ref=nav_269,0,legitimate_web
https://www.pinterest.com/community/threads?ref=nav_65,0,legitimate_web
https://www.google.com/item?id=849204,0,legitimate_web
https://www.salesforce.com/security/bulletin,0,legitimate_web
http://87.176.28.124/dropbox-share-invoice-document/index.php?token=166938,1,ip_phishing
http://bankofamerica-auth-session-portal.online/session/3611,1,credential_harvesting
https://www.linkedin.com/search?q=security,0,legitimate_web
https://www.stripe.com/about,0,legitimate_web
http://signin-steamcommunity.domain-79.fit/password-reset-confirmation,1,brand_impersonation
http://netflix-password-reset-confirmation-portal.buzz/session/6198,1,credential_harvesting
http://167.124.50.246/dropbox-share-account-suspended/index.php?token=358494,1,ip_phishing
https://www.paypal.com/docs/overview?ref=nav_398,0,legitimate_enterprise
https://www.github.com/solutions/cloud?ref=nav_164,0,legitimate_web
https://www.apple.com/products/category?ref=nav_53,0,legitimate_web
http://wellsfargo-password-reset-confirmation-portal.tk/session/4015,1,credential_harvesting
http://118.202.228.85/microsoft365-password-reset-confirmation/index.php?token=489737,1,ip_phishing
http://pnc-bank-security-verification.online/claim-refund.html,1,scam_infrastructure
http://130.128.226.79/amazon-auth-session/index.php?token=621530,1,ip_phishing
http://netflix-security-verification.site/update-billing.html,1,scam_infrastructure
http://pnc-bank-auth-session-portal.link/session/3604,1,credential_harvesting
https://www.digitalocean.com/blog/2026/cybersecurity-insights?ref=nav_346,0,legitimate_web
http://verify-fedex-delivery.domain-36.site/verify-identity,1,brand_impersonation
https://www.cloudflare.com/resources/whitepaper,0,legitimate_web
https://www.apple.com/search?q=security,0,legitimate_web
https://www.amazon.com/products/category,0,legitimate_web
https://www.facebook.com/solutions/cloud,0,legitimate_web
https://www.pinterest.com/features/analytics?ref=nav_165,0,legitimate_web
http://fedex-delivery-security-verification.ml/claim-refund.html,1,scam_infrastructure
http://149.211.194.11/att-account-claim-refund/index.php?token=896922,1,ip_phishing
https://www.wordpress.org/user/profile,0,legitimate_web
http://paypal-invoice-document-portal.xyz/session/4707,1,credential_harvesting
http://verify-usps-redelivery.domain-66.online/unlock-wallet,1,brand_impersonation
https://www.adobe.com/security/bulletin,0,legitimate_web
http://meta-business-security-verification.ml/confirm-recovery.html,1,scam_infrastructure
https://www.facebook.com/blog/2026/cybersecurity-insights,0,legitimate_web
http://login-binance.domain-81.buzz/confirm-recovery,1,brand_impersonation
https://www.instagram.com/community/threads,0,legitimate_web
http://update-steamcommunity.domain-13.tk/security-checkpoint,1,brand_impersonation
http://irs-refund-security-verification.ga/auth-session.html,1,scam_infrastructure
https://www.wellsfargo.com?ref=nav_352,0,legitimate_web
http://citibank-security-verification.top/claim-refund.html,1,scam_infrastructure
https://www.atlassian.com/blog/2026/cybersecurity-insights,0,legitimate_web
http://meta-business-security-verification.buzz/security-checkpoint.html,1,scam_infrastructure
https://www.dropbox.com/community/threads?ref=nav_495,0,legitimate_web
http://appleid-security-verification.tk/confirm-recovery.html,1,scam_infrastructure
http://irs-refund-security-verification.link/login.html,1,scam_infrastructure
http://212.180.160.151/google-verify-claim-refund/index.php?token=647945,1,ip_phishing
https://www.target.com/terms?ref=nav_183,0,legitimate_web
https://www.linkedin.com/products/category,0,legitimate_web
http://213.38.36.10/bankofamerica-password-reset-confirmation/index.php?token=400814,1,ip_phishing
http://irs-refund-login-portal.click/session/6004,1,credential_harvesting
http://account-binance.domain-44.site/verify-identity,1,brand_impersonation
http://12.81.64.202/verizon-support-account-suspended/index.php?token=332286,1,ip_phishing
https://www.bbc.com/community/threads?ref=nav_208,0,legitimate_web
http://meta-business-password-reset-confirmation-portal.tk/session/4621,1,credential_harvesting
https://www.imdb.com/resources/whitepaper?ref=nav_406,0,legitimate_web
http://dropbox-share-security-verification.live/confirm-recovery.html,1,scam_infrastructure
https://www.imdb.com/support/help-center?ref=nav_282,0,legitimate_web
http://126.64.37.25/microsoft365-unlock-wallet/index.php?token=153063,1,ip_phishing
https://www.google.com/support/help-center?ref=nav_374,0,legitimate_web
http://181.172.22.135/microsoft365-package-fee-payment/index.php?token=478120,1,ip_phishing
http://62.159.223.200/dropbox-share-login/index.php?token=564586,1,ip_phishing
https://www.imdb.com/docs/overview,0,legitimate_web
http://verizon-support-invoice-document-portal.loan/session/4522,1,credential_harvesting
https://www.medium.com/contact,0,legitimate_web
https://www.digitalocean.com/features/analytics,0,legitimate_web
http://spotify-premium-security-verification.ga/login.html,1,scam_infrastructure
http://137.228.241.35/fedex-delivery-invoice-document/index.php?token=992400,1,ip_phishing
https://www.github.com/login?ref=nav_436,0,legitimate_web
https://www.bbc.com/solutions/cloud,0,legitimate_web
https://www.disneyplus.com/enterprise/pricing?ref=nav_109,0,legitimate_web
https://www.disneyplus.com/item?id=849204?ref=nav_370,0,legitimate_web
http://usps-redelivery-login-portal.online/session/1530,1,credential_harvesting
https://www.microsoft.com/docs/overview,0,legitimate_web
http://bankofamerica-login-portal.click/session/5781,1,credential_harvesting
http://171.174.110.143/appleid-claim-refund/index.php?token=619696,1,ip_phishing
https://www.microsoft.com/solutions/cloud?ref=nav_210,0,legitimate_web
http://55.157.220.164/spotify-premium-invoice-document/index.php?token=525187,1,ip_phishing
https://www.craigslist.org/community/threads?ref=nav_384,0,legitimate_web
http://microsoft365-security-verification.cf/verify-identity.html,1,scam_infrastructure
https://www.wellsfargo.com/support/help-center,0,legitimate_web
http://google-verify-password-reset-confirmation-portal.live/session/5670,1,credential_harvesting
http://wellsfargo-update-billing-portal.fit/session/8496,1,credential_harvesting
http://auth-usps-redelivery.domain-87.top/confirm-recovery,1,brand_impersonation
https://www.atlassian.com/features/analytics,0,legitimate_web
http://32.172.89.207/spotify-premium-login/index.php?token=667750,1,ip_phishing
http://citibank-security-verification.work/package-fee-payment.html,1,scam_infrastructure
http://chase-password-reset-confirmation-portal.work/session/4583,1,credential_harvesting
https://www.cloudflare.com/security/bulletin?ref=nav_5,0,legitimate_web
https://www.stackoverflow.com/search?q=security,0,legitimate_web
https://www.walmart.com/contact,0,legitimate_web
https://www.digitalocean.com/about?ref=nav_418,0,legitimate_web
http://service-binance.domain-77.tk/verify-identity,1,brand_impersonation
http://verizon-support-unlock-wallet-portal.tk/session/3876,1,credential_harvesting
http://att-account-security-verification.live/confirm-recovery.html,1,scam_infrastructure
http://huntington-security-verification.click/password-reset-confirmation.html,1,scam_infrastructure
https://www.target.com/login,0,legitimate_web
http://verify-appleid.domain-61.work/update-billing,1,brand_impersonation
https://www.medium.com/resources/whitepaper?ref=nav_238,0,legitimate_web
http://spotify-premium-security-verification.buzz/confirm-recovery.html,1,scam_infrastructure
https://www.craigslist.org/solutions/cloud,0,legitimate_web
https://www.atlassian.com/support/help-center,0,legitimate_web
https://www.digitalocean.com/api/v1/status?ref=nav_137,0,legitimate_web
https://www.apple.com/about?ref=nav_435,0,legitimate_web
https://www.stackoverflow.com/item?id=849204,0,legitimate_web
http://201.113.230.245/bankofamerica-account-suspended/index.php?token=505426,1,ip_phishing
http://amazon-security-verification.loan/account-suspended.html,1,scam_infrastructure
http://secure-meta-business.domain-32.link/invoice-document,1,brand_impersonation
http://login-binance.domain-12.site/login,1,brand_impersonation
http://auth-wellsfargo.domain-52.xyz/security-checkpoint,1,brand_impersonation
http://citibank-security-verification.online/verify-identity.html,1,scam_infrastructure
http://dropbox-share-security-verification.loan/verify-identity.html,1,scam_infrastructure
https://www.imdb.com/api/v1/status?ref=nav_358,0,legitimate_web
https://www.microsoft.com/resources/whitepaper,0,legitimate_web
http://163.100.157.101/huntington-unlock-wallet/index.php?token=715519,1,ip_phishing
http://secure-wellsfargo.domain-45.link/confirm-recovery,1,brand_impersonation
http://signin-microsoft365.domain-32.cf/account-suspended,1,brand_impersonation
http://32.96.171.232/chase-invoice-document/index.php?token=780432,1,ip_phishing
https://www.craigslist.org/,0,legitimate_web
https://www.github.com/search?q=security,0,legitimate_web
https://www.bankofamerica.com/support/help-center?ref=nav_542,0,legitimate_enterprise
http://amazon-password-reset-confirmation-portal.top/session/4974,1,credential_harvesting
https://www.target.com?ref=nav_44,0,legitimate_web
http://netflix-update-billing-portal.ga/session/6878,1,credential_harvesting
https://www.zoom.us/privacy-policy?ref=nav_379,0,legitimate_web
https://www.stackoverflow.com/about?ref=nav_430,0,legitimate_web
https://www.twitter.com/solutions/cloud?ref=nav_534,0,legitimate_web
https://www.digitalocean.com/home,0,legitimate_web
http://account-netflix.domain-14.link/confirm-recovery,1,brand_impersonation
http://meta-business-security-verification.online/auth-session.html,1,scam_infrastructure
http://netflix-security-verification.ml/unlock-wallet.html,1,scam_infrastructure
http://signin-coinbase.domain-13.ga/package-fee-payment,1,brand_impersonation
https://www.spotify.com/terms,0,legitimate_web
http://41.4.182.36/huntington-password-reset-confirmation/index.php?token=835575,1,ip_phishing
http://219.33.172.180/dropbox-share-confirm-recovery/index.php?token=969226,1,ip_phishing
http://81.33.161.78/chase-security-checkpoint/index.php?token=744274,1,ip_phishing
http://25.207.220.206/amazon-auth-session/index.php?token=949376,1,ip_phishing
https://www.instagram.com/products/category?ref=nav_133,0,legitimate_web
http://118.213.231.27/irs-refund-package-fee-payment/index.php?token=636435,1,ip_phishing
http://113.247.117.70/coinbase-auth-session/index.php?token=976303,1,ip_phishing
http://microsoft365-package-fee-payment-portal.live/session/4183,1,credential_harvesting
https://www.bbc.com/privacy-policy?ref=nav_120,0,legitimate_web
http://bankofamerica-security-verification.tk/update-billing.html,1,scam_infrastructure
http://secure-usps-redelivery.domain-68.work/invoice-document,1,brand_impersonation
https://www.dropbox.com/item?id=849204,0,legitimate_web
http://dropbox-share-security-verification.buzz/update-billing.html,1,scam_infrastructure
http://appleid-security-verification.xyz/verify-identity.html,1,scam_infrastructure
https://www.twitter.com/?ref=nav_39,0,legitimate_web
http://207.248.34.111/wellsfargo-claim-refund/index.php?token=627290,1,ip_phishing
http://signin-chase.domain-40.tk/confirm-recovery,1,brand_impersonation
http://wellsfargo-security-verification.fit/login.html,1,scam_infrastructure
https://www.bitbucket.org/api/v1/status?ref=nav_487,0,legitimate_web
https://www.cloudflare.com/contact?ref=nav_181,0,legitimate_web
https://www.shopify.com/home?ref=nav_98,0,legitimate_web
http://169.164.8.128/citibank-update-billing/index.php?token=757629,1,ip_phishing
https://www.craigslist.org/privacy-policy,0,legitimate_web
http://chase-confirm-recovery-portal.top/session/1901,1,credential_harvesting
https://www.youtube.com/?ref=nav_429,0,legitimate_web
http://auth-microsoft365.domain-66.xyz/password-reset-confirmation,1,brand_impersonation
https://www.ibm.com/contact,0,legitimate_web
http://secure-netflix.domain-80.site/invoice-document,1,brand_impersonation
http://160.151.67.235/huntington-invoice-document/index.php?token=952227,1,ip_phishing
https://www.imdb.com/support/help-center?ref=nav_535,0,legitimate_web
https://www.chase.com/blog/2026/cybersecurity-insights,0,legitimate_web
https://www.uber.com/solutions/cloud?ref=nav_16,0,legitimate_web
https://www.adobe.com/about?ref=nav_111,0,legitimate_web
https://www.stackoverflow.com/contact?ref=nav_135,0,legitimate_web
https://www.dropbox.com/api/v1/status?ref=nav_394,0,legitimate_web
https://www.nytimes.com/terms?ref=nav_387,0,legitimate_web
https://www.chase.com/community/threads,0,legitimate_web
https://www.gitlab.com/resources/whitepaper,0,legitimate_web
http://amazon-security-verification.loan/package-fee-payment.html,1,scam_infrastructure
http://216.252.142.34/dropbox-share-package-fee-payment/index.php?token=741674,1,ip_phishing
https://www.twitter.com/user/profile,0,legitimate_web
http://appleid-password-reset-confirmation-portal.cf/session/7102,1,credential_harvesting
https://www.etsy.com/api/v1/status?ref=nav_350,0,legitimate_web
http://158.154.198.173/microsoft365-password-reset-confirmation/index.php?token=958136,1,ip_phishing
http://63.193.139.9/wellsfargo-login/index.php?token=476105,1,ip_phishing
https://www.dropbox.com/security/bulletin?ref=nav_171,0,legitimate_web
https://www.atlassian.com/about?ref=nav_270,0,legitimate_web
https://www.ibm.com/resources/whitepaper,0,legitimate_web
http://update-huntington.domain-30.cf/verify-identity,1,brand_impersonation
http://wellsfargo-security-verification.link/package-fee-payment.html,1,scam_infrastructure
https://www.target.com/solutions/cloud,0,legitimate_web
http://amazon-security-checkpoint-portal.site/session/2667,1,credential_harvesting
http://secure-paypal.domain-17.click/security-checkpoint,1,brand_impersonation
http://portal-huntington.domain-75.buzz/invoice-document,1,brand_impersonation
http://209.217.188.24/fedex-delivery-unlock-wallet/index.php?token=866437,1,ip_phishing
https://www.shopify.com/item?id=849204?ref=nav_146,0,legitimate_web
http://update-bankofamerica.domain-31.work/claim-refund,1,brand_impersonation
https://www.disneyplus.com/user/profile?ref=nav_420,0,legitimate_web
http://27.68.183.250/verizon-support-confirm-recovery/index.php?token=704663,1,ip_phishing
https://www.craigslist.org/privacy-policy,0,legitimate_web
https://www.cloudflare.com/privacy-policy,0,legitimate_web
https://www.spotify.com/privacy-policy?ref=nav_493,0,legitimate_web
http://dhl-tracking-update-billing-portal.ml/session/5082,1,credential_harvesting
https://www.apple.com/enterprise/pricing?ref=nav_482,0,legitimate_web
http://217.207.176.104/citibank-security-checkpoint/index.php?token=411882,1,ip_phishing
https://www.wellsfargo.com/item?id=849204,0,legitimate_web
https://www.youtube.com/terms,0,legitimate_web
http://google-verify-security-verification.work/account-suspended.html,1,scam_infrastructure
http://174.201.122.233/usps-redelivery-password-reset-confirmation/index.php?token=804505,1,ip_phishing
https://www.hulu.com/blog/2026/cybersecurity-insights,0,legitimate_web
http://meta-business-security-verification.online/auth-session.html,1,scam_infrastructure
http://verify-citibank.domain-38.fit/security-checkpoint,1,brand_impersonation
http://instagram-support-security-verification.fit/update-billing.html,1,scam_infrastructure
http://dhl-tracking-security-verification.site/invoice-document.html,1,scam_infrastructure
http://paypal-claim-refund-portal.cf/session/6435,1,credential_harvesting
https://www.cloudflare.com/about?ref=nav_38,0,legitimate_web
http://116.158.176.114/usps-redelivery-update-billing/index.php?token=327797,1,ip_phishing
https://www.yahoo.com/enterprise/pricing?ref=nav_368,0,legitimate_web
https://www.uber.com/api/v1/status,0,legitimate_web
https://www.apple.com/support/help-center?ref=nav_340,0,legitimate_web
https://www.gitlab.com/docs/overview?ref=nav_114,0,legitimate_web
https://www.wellsfargo.com/docs/overview?ref=nav_300,0,legitimate_web
https://www.bitbucket.org/api/v1/status?ref=nav_80,0,legitimate_web
https://www.paypal.com/login?ref=nav_275,0,legitimate_enterprise
https://www.linkedin.com/resources/whitepaper?ref=nav_329,0,legitimate_web
https://www.adobe.com/terms,0,legitimate_web
https://www.stripe.com/blog/2026/cybersecurity-insights,0,legitimate_web
https://www.zoom.us/privacy-policy?ref=nav_499,0,legitimate_web
https://www.linkedin.com/community/threads?ref=nav_45,0,legitimate_web
http://meta-business-security-verification.ml/security-checkpoint.html,1,scam_infrastructure
https://www.stripe.com/docs/overview?ref=nav_330,0,legitimate_web
https://www.wordpress.org/home?ref=nav_431,0,legitimate_web
http://citibank-security-verification.buzz/confirm-recovery.html,1,scam_infrastructure
http://spotify-premium-auth-session-portal.cf/session/3120,1,credential_harvesting
http://service-binance.domain-86.cf/security-checkpoint,1,brand_impersonation
https://www.ibm.com/docs/overview?ref=nav_232,0,legitimate_web
http://huntington-security-verification.link/claim-refund.html,1,scam_infrastructure
http://198.227.31.198/netflix-account-suspended/index.php?token=130782,1,ip_phishing
http://update-steamcommunity.domain-81.buzz/login,1,brand_impersonation
https://www.walmart.com/blog/2026/cybersecurity-insights,0,legitimate_web
http://184.230.139.85/netflix-package-fee-payment/index.php?token=502491,1,ip_phishing
https://www.amazon.com/privacy-policy,0,legitimate_web
https://www.atlassian.com/docs/overview,0,legitimate_web
https://www.craigslist.org/?ref=nav_307,0,legitimate_web
https://www.cloudflare.com/api/v1/status?ref=nav_433,0,legitimate_web
http://signin-appleid.domain-18.buzz/update-billing,1,brand_impersonation
http://citibank-password-reset-confirmation-portal.online/session/9955,1,credential_harvesting
https://www.chase.com/home?ref=nav_157,0,legitimate_web
https://www.hulu.com/docs/overview,0,legitimate_web
https://www.etsy.com/community/threads,0,legitimate_web
http://verizon-support-auth-session-portal.fit/session/6301,1,credential_harvesting
https://www.zoom.us/enterprise/pricing?ref=nav_284,0,legitimate_web
http://citibank-invoice-document-portal.cf/session/6953,1,credential_harvesting
https://www.nytimes.com/solutions/cloud,0,legitimate_web
http://136.92.193.49/dhl-tracking-invoice-document/index.php?token=272892,1,ip_phishing
http://login-binance.domain-73.site/verify-identity,1,brand_impersonation
http://87.97.48.194/pnc-bank-confirm-recovery/index.php?token=664058,1,ip_phishing
http://128.44.188.204/google-verify-unlock-wallet/index.php?token=469283,1,ip_phishing
http://login-bankofamerica.domain-85.site/auth-session,1,brand_impersonation
http://12.85.120.182/wellsfargo-auth-session/index.php?token=262325,1,ip_phishing
https://www.airbnb.com/features/analytics?ref=nav_456,0,legitimate_web
http://portal-bankofamerica.domain-31.ml/update-billing,1,brand_impersonation
https://www.zoom.us/api/v1/status,0,legitimate_web
http://secure-wellsfargo.domain-90.ga/account-suspended,1,brand_impersonation
https://www.linkedin.com/docs/overview?ref=nav_159,0,legitimate_web
http://account-google-verify.domain-59.buzz/auth-session,1,brand_impersonation
http://metamask-login-portal.cf/session/5840,1,credential_harvesting
http://auth-spotify-premium.domain-52.ml/invoice-document,1,brand_impersonation
https://www.pinterest.com/resources/whitepaper,0,legitimate_web
https://www.amazon.com/support/help-center,0,legitimate_web
http://irs-refund-security-verification.site/security-checkpoint.html,1,scam_infrastructure
http://208.138.137.2/meta-business-verify-identity/index.php?token=757386,1,ip_phishing
https://www.pinterest.com/enterprise/pricing?ref=nav_211,0,legitimate_web
http://177.147.60.137/binance-invoice-document/index.php?token=874568,1,ip_phishing
https://www.instagram.com/terms,0,legitimate_web
https://www.walmart.com/?ref=nav_95,0,legitimate_web
http://att-account-security-verification.click/package-fee-payment.html,1,scam_infrastructure
http://128.65.56.120/dhl-tracking-confirm-recovery/index.php?token=416822,1,ip_phishing
http://dropbox-share-auth-session-portal.cf/session/3298,1,credential_harvesting
http://56.238.218.81/dropbox-share-package-fee-payment/index.php?token=116418,1,ip_phishing
http://netflix-claim-refund-portal.top/session/3611,1,credential_harvesting
https://www.stackoverflow.com/products/category,0,legitimate_web
https://www.oracle.com/terms,0,legitimate_web
https://www.salesforce.com/search?q=security,0,legitimate_web
http://auth-netflix.domain-48.loan/confirm-recovery,1,brand_impersonation
https://www.github.com/,0,legitimate_web
https://www.atlassian.com/about?ref=nav_128,0,legitimate_web
https://www.instagram.com/products/category?ref=nav_474,0,legitimate_web
http://irs-refund-update-billing-portal.site/session/9571,1,credential_harvesting
https://www.instagram.com/blog/2026/cybersecurity-insights?ref=nav_448,0,legitimate_web
https://www.walmart.com/support/help-center,0,legitimate_web
http://service-steamcommunity.domain-70.buzz/confirm-recovery,1,brand_impersonation
